Country Name,Country Code,Series Name,Series Code,1988,1989,1990,1991,1992,1993,1994,1995,1996,1997,1998,1999,2000,2001,2002,2003,2004,2005,2006,2007,2008,2009,2010,2011,2012,2013,2014,2015,2016,2017,2018,2019,2020,2021
Algeria,DZA,GDP per capita (constant 2015 US$),NY.GDP.PCAP.KD,3606.268388,3666.853079,3605.687012,3478.509763,3455.929363,3302.919506,3201.569144,3255.187269,3322.955381,3297.466034,3410.882544,3471.491963,3553.324205,3610.006056,3754.660815,3945.898161,4066.282048,4223.602521,4279.615471,4339.250558,4367.56538,4336.100541,4456.610274,4501.354301,4518.43979,4543.23444,4634.101492,4685.059027,4768.731401,4742.900755,4717.003589,4672.664087,4363.685338,4456.746876
Algeria,DZA,Trade (% of GDP),NE.TRD.GNFS.ZS,38.11158728,47.15331971,48.38071368,52.71758671,49.18908424,44.92281337,48.58443779,55.19100521,53.70514788,52.24391151,45.09445056,50.92910934,62.85834364,54.52964912,56.58960528,57.7691353,61.35799757,66.84046022,65.91529197,67.54547339,71.02849225,64.28475472,63.49121599,62.22008996,60.75763933,59.15100816,56.92354197,53.20462259,49.76093279,49.82081617,52.43616768,46.50684261,40.38975656,46.83705926
Algeria,DZA,"Inflation, consumer prices (annual %)",FP.CPI.TOTL.ZG,5.911544964,9.304361258,16.65253439,25.88638693,31.66966191,20.54032612,29.04765612,29.77962649,18.67907586,5.733522754,4.950161638,2.645511134,0.339163189,4.225988349,1.418301923,4.268953958,3.961800303,1.382446567,2.311499185,3.678995747,4.858590628,5.737060361,3.911061955,4.524211505,8.891450911,3.25423911,2.916926921,4.784447007,6.397694803,5.59111591,4.269990205,1.951768211,2.415130941,7.226063074
Algeria,DZA,Population growth (annual %),SP.POP.GROW,2.800888661,2.639923784,2.478967332,2.383576447,2.435250194,2.406099154,2.212501905,2.068697505,1.95770195,1.864019659,1.592536279,1.388528848,1.399668558,1.373291341,1.330394777,1.329615242,1.396440425,1.463308846,1.541273638,1.669071678,1.818853062,1.915885222,1.947058832,1.956894374,1.992807901,2.019531158,2.037865242,2.056247957,2.055691112,2.032000608,1.937806233,1.840412914,1.711912165,1.619364602
Bahrain,BHR,GDP per capita (constant 2015 US$),NY.GDP.PCAP.KD,18774.13952,18183.31193,18345.838,20882.50596,21701.22218,23858.19327,23180.33237,23465.71284,23795.20913,23893.13357,24386.59147,24773.8464,25407.96955,25106.28696,24149.01559,23857.6405,23688.11199,23439.67043,23095.01825,23112.48875,23127.21471,22206.93716,22224.07362,23288.04494,23894.88044,24271.62788,24135.49913,23734.05511,23715.27913,23606.88675,24059.78386,24873.66401,23586.93096,24086.78478
Bahrain,BHR,Trade (% of GDP),NE.TRD.GNFS.ZS,151.9997204,163.8209435,184.8288047,158.8677966,159.2918983,144.7630456,136.4734709,134.0867323,144.3334505,130.672449,113.001419,124.7357372,135.8091353,127.0262663,131.1336342,128.0915822,140.73731,148.3135251,147.1041811,137.7850506,145.8825111,117.9637254,115.5615857,167.5295521,178.824104,184.5896661,168.5757817,147.4399694,132.4149336,136.0267095,144.0753726,135.4175434,135.460985,153.7993165
Bahrain,BHR,"Inflation, consumer prices (annual %)",FP.CPI.TOTL.ZG,0.303435966,1.485897322,0.929335437,0.764419736,-0.172413793,2.538860104,0.816910898,2.704034751,-0.452227383,2.43155134,-0.366533865,-1.287587972,-0.704852953,-1.207571802,-0.495540139,1.593625498,2.352941176,2.586206897,2.007469655,3.256666667,3.526003164,2.795512836,1.961884683,-0.400040697,2.7573967,3.300011569,2.647553212,1.848627424,2.786793476,1.386718306,2.08766938,1.005820047,-2.317706293,-0.606319385
Bahrain,BHR,Population growth (annual %),SP.POP.GROW,3.622650671,3.560958114,3.452489077,-2.307910372,2.630042422,2.630747606,2.632036999,2.631117701,2.633396955,2.635444946,2.634585613,2.634610151,2.63695278,3.654889294,7.181175095,7.320072177,7.461189823,7.604083038,7.747786313,7.892302403,5.994072321,6.568699333,4.165859919,-2.766599276,1.160087287,3.592930394,4.781043184,4.154221842,3.823163003,5.293145273,0.131482304,-1.294694377,-0.781611308,2.161028459
Comoros,COM,GDP per capita (constant 2015 US$),NY.GDP.PCAP.KD,1233.02004,1162.339731,1189.940444,1098.652051,1167.877241,1181.222125,1099.258744,1119.340667,1086.019175,1110.496946,1105.536268,1106.907846,1203.651763,1206.65693,1208.858061,1210.733564,1210.800664,1220.003584,1227.290074,1212.696684,1235.972873,1250.90244,1272.607232,1299.111006,1313.581948,1343.546907,1342.32966,1329.370482,1345.626165,1369.411803,1391.845704,1389.36488,1359.707089,1359.762861
Comoros,COM,Trade (% of GDP),NE.TRD.GNFS.ZS,35.75653124,35.75775936,35.75703172,35.75721104,35.75735549,35.75695192,35.75727936,35.75723853,35.75781507,35.75704391,35.75725007,35.75715709,35.75747855,35.75722888,35.75711907,35.75695913,35.75706312,35.75740933,35.75727456,33.15617921,36.21852635,37.89692233,39.55013697,40.00099559,40.81041894,39.24329527,39.2358232,37.80495207,37.13287972,40.16435892,42.99615334,42.26807854,33.72993462,42.27772873
Comoros,COM,"Inflation, consumer prices (annual %)",FP.CPI.TOTL.ZG,..,..,..,..,..,..,..,..,..,..,..,..,..,5.554593948,3.533042143,3.799081367,4.474992891,3.013323951,3.374363601,4.466167101,1.700781763,4.362348293,3.354757703,1.842663008,6.314744503,-4.294873315,..,..,..,..,..,..,..,..
Comoros,COM,Population growth (annual %),SP.POP.GROW,2.703601409,2.671224233,2.619042964,2.435264633,2.076173585,1.825582366,1.7702466,1.736191846,1.721990669,1.72218732,1.722069862,1.782138577,1.919894445,2.056751168,2.116080234,1.927019436,1.895924854,2.040840198,2.017054763,1.993059228,1.986851146,1.988653182,1.987907684,1.998717975,2.011498627,2.113849573,2.17541496,2.110933384,2.051115782,1.992577987,1.952741536,1.923857027,1.961993798,1.976319881
Djibouti,DJI,GDP per capita (constant 2015 US$),NY.GDP.PCAP.KD,..,..,..,..,..,..,..,..,..,..,..,..,..,..,..,..,..,..,..,..,..,..,..,..,..,2138.438431,2248.591143,2376.125547,2502.851814,2596.451347,2677.167015,2781.946872,2776.540909,2860.537939
Djibouti,DJI,Trade (% of GDP),NE.TRD.GNFS.ZS,..,..,..,..,..,..,..,..,..,..,..,..,..,..,..,..,..,..,..,..,..,..,..,..,..,347.9965151,299.3678629,268.3634563,213.0719986,305.9679664,300.3986867,320.939003,222.8379833,264.0202535
Djibouti,DJI,"Inflation, consumer prices (annual %)",FP.CPI.TOTL.ZG,..,..,..,..,..,..,..,..,..,..,..,..,..,1.74665225,0.637619554,1.981967346,3.122262047,3.104966401,3.483406997,4.965976546,11.95862069,1.675495873,3.950078759,5.068713948,3.731209508,2.706032429,1.341864943,-0.847389734,2.738412087,0.568112117,0.14797085,3.319253727,1.777407838,1.181917753
Djibouti,DJI,Population growth (annual %),SP.POP.GROW,6.418923512,7.709510827,10.19712243,8.522041783,-0.808530682,-1.897247405,2.009004234,1.010340524,2.384027029,3.555839277,4.016821001,3.493826002,3.139834532,3.16034601,3.096960925,2.230541555,1.537560106,1.566484982,1.958490405,2.168967505,2.060435192,2.083255102,2.033322702,1.948849448,1.899389061,1.85261177,1.800564961,1.739612734,1.685198916,1.642861254,1.602593729,1.557660865,1.502286563,1.442689442
"Egypt, Arab Rep.",EGY,GDP per capita (constant 2015 US$),NY.GDP.PCAP.KD,1882.267978,1921.856304,1972.137893,1940.100194,1979.020101,1989.9792,2024.953738,2074.839911,2133.648042,2204.665759,2277.285048,2361.864251,2458.60835,2492.034412,2498.481212,2524.804772,2574.423418,2635.703052,2761.624108,2902.065598,3052.212978,3135.096613,3233.845212,3222.376501,3220.991942,3216.37839,3235.662462,3306.981594,3381.222463,3452.909612,3568.639663,3701.244635,3770.869479,3837.319923
"Egypt, Arab Rep.",EGY,Trade (% of GDP),NE.TRD.GNFS.ZS,52.5974026,50.12987013,52.92275574,62.84444444,59.30984903,55.92783505,50.62857143,50.24509804,46.94856146,43.73824746,41.927627,38.36150845,39.0179359,39.81042654,40.98706783,46.17964072,57.81990521,62.95264624,61.51853651,65.07787325,71.68062535,56.55344464,47.93635007,45.25563416,40.71176927,40.37303806,36.92018779,34.84594296,30.24654905,42.83213436,45.91101967,41.12401716,32.12625557,29.85697348
"Egypt, Arab Rep.",EGY,"Inflation, consumer prices (annual %)",FP.CPI.TOTL.ZG,17.66348615,21.26186709,16.75637471,19.74854482,13.63742417,12.08979229,8.154231286,15.7422305,7.187103697,4.625605788,3.872575464,3.079499126,2.683805353,2.269757205,2.73723855,4.507776363,11.27061933,4.869396969,7.644526445,9.318969058,18.31683168,11.76349544,11.26518827,10.06492599,7.111729433,9.469719811,10.07021547,10.37049034,13.81360621,29.50660839,14.40146578,9.152799593,5.04493289,5.214049405
"Egypt, Arab Rep.",EGY,Population growth (annual %),SP.POP.GROW,2.780294069,2.722212463,2.929609448,2.756975161,2.3894925,2.30727793,2.154005171,2.10420542,2.073361963,2.072559343,2.184807595,2.230564166,2.160919785,2.123803623,2.103723597,2.09545323,2.064377349,2.022209527,1.952913423,1.887532171,1.867404133,1.888365224,1.917951241,2.104460762,2.244757955,2.305263643,2.276439566,2.098925548,2.034682949,1.998178439,1.897138318,1.754974382,1.62495387,1.490805391
Iraq,IRQ,GDP per capita (constant 2015 US$),NY.GDP.PCAP.KD,2398.237977,2262.470445,3526.579251,1254.630574,1615.039035,2005.563532,1985.79692,1961.092551,2108.823283,2478.843104,3242.957339,3691.740513,4172.780251,4116.094053,3660.925275,2250.069901,3354.265888,3310.863445,3471.987447,3565.580541,3781.780017,3768.172843,3881.94327,4030.016869,4387.904691,4504.826875,4446.973432,4440.141893,4932.927291,4736.327108,4749.009218,4898.148977,4213.998438,4182.50064
Iraq,IRQ,Trade (% of GDP),NE.TRD.GNFS.ZS,42.49956258,44.83508837,15.12628182,3.79114097,1.921145633,0.544696684,0.099582362,0.020999232,0.026888483,106.1881699,132.2431605,138.3146012,125.3365956,126.780256,119.7620477,154.2345253,120.2339771,115.7425403,89.65051986,74.09285311,81.05554327,78.68737882,73.49747962,72.17132822,73.60868459,67.41001841,68.98248686,69.5917686,54.58832019,59.78091239,65.80179177,68.98993842,57.7423164,61.50326831
Iraq,IRQ,"Inflation, consumer prices (annual %)",FP.CPI.TOTL.ZG,..,..,..,180.952381,83.61581921,207.6923077,448.5,387.3108478,-16.11732575,23.06319968,14.76877356,12.57776234,4.978962132,16.3740815,19.3166946,33.6162106,26.96190682,36.95948092,53.23096291,-10.06749258,12.66285283,6.873615472,2.877747253,5.801455371,6.089096416,1.879498007,2.235974079,1.393330288,0.556521397,0.184058899,0.367441489,-0.19896538,0.574162679,6.041864891
Iraq,IRQ,Population growth (annual %),SP.POP.GROW,2.320005527,2.659499082,1.240017963,1.052655325,2.959018981,4.802528304,4.772578764,3.349717939,3.191889139,3.092298816,3.141804875,3.233785771,3.277527852,3.11897283,3.159049888,3.015232358,2.851283058,2.963743471,0.733263441,-0.78904254,2.020299895,3.683912963,3.231385218,3.531816785,4.538921682,4.721566834,3.531019332,2.727109769,2.391512274,2.230550464,2.332357697,2.275011157,2.219386695,2.241273471
Jordan,JOR,GDP per capita (constant 2015 US$),NY.GDP.PCAP.KD,4080.287495,3472.225097,3202.33686,3010.137312,3264.844726,3238.475417,3240.445451,3303.287179,3262.106152,3280.697932,3302.299427,3341.656443,3412.076732,3518.766353,3644.624346,3713.151936,3935.157047,4151.61313,4209.86864,4287.352298,4489.955455,4615.230678,4621.574285,4631.677038,4677.47614,4556.520237,4282.118728,4042.756781,3933.147046,3940.701992,3928.770268,3919.064269,3806.879494,3874.327078
Jordan,JOR,Trade (% of GDP),NE.TRD.GNFS.ZS,108.1247872,130.4473304,149.4476839,137.2616633,131.6446986,130.4852332,118.3361761,124.5826882,131.0591233,120.7371129,109.0524029,104.4703736,110.3289046,109.2854786,114.0388578,115.7068353,134.6216119,146.9088913,141.7473818,145.9942463,140.912926,112.1519982,114.2226777,118.6996795,117.8555877,111.451528,109.9388055,95.35791223,88.7207179,89.73160051,87.63591519,85.6878335,66.05994881,80.33286994
Jordan,JOR,"Inflation, consumer prices (annual %)",FP.CPI.TOTL.ZG,6.613226453,25.7127193,16.19213756,8.155495979,3.995835606,3.316666667,3.516696241,2.353124513,6.501218027,3.037884203,3.091666667,0.606256568,0.666880926,1.772204374,1.83299389,1.63,3.361868215,3.493685346,6.251724667,4.74390639,13.971231,-0.739069743,4.845518759,4.162441629,4.515229567,4.824623143,2.89947905,-0.87685136,-0.778430463,3.323894476,4.462311085,0.761514047,0.333294351,1.346093772
Jordan,JOR,Population growth (annual %),SP.POP.GROW,4.6607576,4.787586848,7.815196245,7.785242866,5.286526779,5.200191381,4.791034027,4.095487454,3.320045031,2.686609482,2.311413859,2.148591838,2.072604791,2.056854723,2.108443768,2.214620774,2.412958417,2.477130681,6.388707243,6.035299827,2.354279761,2.149687861,2.151093317,2.482027727,1.41635205,5.196414679,9.539208986,8.217983292,4.723252544,2.2516003,2.204129984,1.983438225,1.795432282,1.834191627
Kuwait,KWT,GDP per capita (constant 2015 US$),NY.GDP.PCAP.KD,17116.06559,20743.68673,20140.78336,14812.92001,22382.84195,29323.85311,31946.49009,33156.84717,32417.96262,32152.43657,32306.66855,30798.09455,31341.97791,30573.42826,30702.21604,35169.63339,37918.54038,40451.25495,41137.96971,41113.86917,39852.5127,35124.08521,32568.51498,33545.34607,33578.33082,32311.17952,31073.15348,29882.21269,29454.44212,27048.37054,26706.01903,26580.2263,25541.5075,26354.94567
Kuwait,KWT,Trade (% of GDP),NE.TRD.GNFS.ZS,90.50440121,93.77143755,103.0110002,142.6129543,94.68806497,92.0570352,93.18428428,94.31962435,91.47214474,92.44354655,94.95984317,85.36811455,86.6183245,86.85046729,81.22519413,86.55517551,89.29764168,92.24268009,89.7130932,91.73250339,92.68345625,88.81106499,97.02797106,99.11649273,101.0114352,97.60549124,100.0371898,98.69998841,96.15767252,97.84004663,102.7856307,91.68571238,82.01074583,81.94037976
Kuwait,KWT,"Inflation, consumer prices (annual %)",FP.CPI.TOTL.ZG,1.46813288,3.342033591,9.833635315,9.058188362,-0.545471214,0.382541365,2.534435262,2.686727566,3.553985697,0.682191435,0.129658288,2.990810359,1.812946139,1.3,0.888450148,0.961350294,1.248564437,4.142975836,3.057013392,5.484949833,10.58270979,4.609595484,4.496402878,4.839403499,3.255146003,2.682296841,2.908926729,3.271701661,3.198397767,2.171832985,0.543133148,1.091848027,2.101729548,3.423629476
Kuwait,KWT,Population growth (annual %),SP.POP.GROW,3.903018525,3.80366037,-27.47078648,-22.05177875,19.04785987,2.249187074,-0.46695556,1.025271738,2.856961157,3.265677304,3.118051816,2.976878939,2.837165773,2.695812572,2.549390238,2.393818643,2.223516281,3.617419764,5.562421093,5.877544677,5.565515676,5.290953529,5.155060491,6.23757793,6.317322112,4.989674043,4.406572078,4.4991022,4.325949068,3.69493434,3.980154823,2.710713324,-0.951064117,-0.899478872
Lebanon,LBN,GDP per capita (constant 2015 US$),NY.GDP.PCAP.KD,3934.029377,2218.626436,2752.724423,4031.194745,4595.580833,4992.698782,5301.415847,5542.22651,6054.529119,6008.758554,6120.456727,5982.417884,5958.978368,6085.760414,6207.241339,6319.765183,6633.75258,6707.180246,6696.374282,7179.345201,7701.29823,8375.488513,8955.543362,8936.200275,8920.805698,8443.538565,7830.415111,7714.11,8019.141691,8305.574054,8388.723512,8064.048734,6440.828431,5973.419339
Lebanon,LBN,Trade (% of GDP),NE.TRD.GNFS.ZS,..,109.9250886,117.905808,92.45467201,82.84425645,76.35107472,70.27211547,73.13538699,68.09661276,62.08659794,54.7171976,50.81417077,50.11529593,55.55680836,51.04253256,54.09083402,90.97279703,92.76265627,91.06939703,97.96770797,106.6256732,90.39783886,95.09665294,102.1398824,88.54550192,86.17432859,79.81715659,71.83904263,67.72361779,68.45542926,68.2573073,62.98091601,50.12980429,78.8286204
Lebanon,LBN,"Inflation, consumer prices (annual %)",FP.CPI.TOTL.ZG,..,..,..,..,..,..,..,..,..,..,..,..,..,..,..,..,..,..,..,..,..,1.195096712,3.983479419,4.971485717,6.581474477,4.821019563,1.854604213,-3.749145248,-0.783359624,4.321352183,6.076989079,3.005389494,84.86433305,154.756096
Lebanon,LBN,Population growth (annual %),SP.POP.GROW,2.02030086,2.02404239,1.963138465,2.030249164,2.11593671,1.936525255,1.793770534,1.807212876,1.852241105,1.808285017,1.758278359,1.754220087,1.725524567,1.662524958,1.389375276,1.379572825,1.616971604,1.549546607,1.69887292,1.938143808,1.663096479,1.349797119,0.976748359,1.079823792,2.704872967,9.254906493,9.992304727,1.957695836,-2.335437494,-2.610571165,-2.898842971,-3.21837129,-1.603862582,0.275364168
Libya,LBY,GDP per capita (constant 2015 US$),NY.GDP.PCAP.KD,10458.67019,10940.1407,11085.94399,12541.69262,11949.2275,11274.34522,11280.38293,10839.28022,10891.80557,11284.77807,10722.87007,10643.14528,10853.80595,10467.87761,10170.30958,11267.06276,11529.10866,12628.89615,13176.77589,13712.96026,13403.00046,12549.08543,12913.93349,6569.594776,12599.25888,10126.31493,7644.248439,7458.489178,7236.164099,9435.6006,10020.91658,8768.410487,6102.79864,7733.390076
Libya,LBY,Trade (% of GDP),NE.TRD.GNFS.ZS,..,..,70.79780086,64.59637011,56.05806519,59.79211316,53.15240293,51.5917603,52.54515599,48.63241218,40.25270758,34.80163011,45.28109377,43.17344961,78.85975704,90.61273052,96.12933208,90.86088969,97.73810112,102.7323155,103.242158,107.6209305,98.07721307,63.00543529,98.22431892,106.3343609,76.52488264,56.90490733,41.11017606,47.54896619,63.7811336,78.99396919,50.97579344,164.28407
Libya,LBY,"Inflation, consumer prices (annual %)",FP.CPI.TOTL.ZG,6.086956522,1.511839709,8.451462408,11.8960953,9.35975159,11.07355327,5.112598904,7.237984945,4.028077754,3.550295858,3.709273183,2.648622523,-2.9,-8.813937521,-9.797647059,-2.19115192,-2.197567741,2.650205761,1.459268762,6.25098783,10.3607289,2.459900256,2.799895001,15.51848153,6.059803922,2.605818027,2.432941416,10.40229336,25.85387421,25.80361848,13.17020385,-2.162178835,1.44703657,2.868330278
Libya,LBY,Population growth (annual %),SP.POP.GROW,2.581943904,2.451328505,2.328670286,2.206206991,2.089451972,1.977853316,1.86276943,1.743430859,1.628256686,1.536953336,1.490717335,1.49314341,1.653226142,1.841888491,1.920339978,1.994852545,2.065837117,2.10615512,2.051138853,2.055069468,2.124099597,2.083154076,2.039057706,-2.408581416,-2.617431823,2.007443919,1.926310832,1.613838978,1.523995146,1.595199924,1.623327086,1.477959507,1.348449803,1.266199795
Mauritania,MRT,GDP per capita (constant 2015 US$),NY.GDP.PCAP.KD,1469.211947,1501.232895,1437.750482,1421.325999,1393.601055,1416.967257,1327.723041,1418.646645,1471.803309,1381.162749,1383.192297,1396.172201,1304.644391,1262.655673,1252.103005,1308.563076,1338.667681,1418.532021,1637.041913,1563.606288,1514.265501,1469.054269,1460.191797,1472.552456,1488.971776,1502.901424,1520.646216,1554.948979,1528.051523,1576.068578,1602.902256,1605.135236,1553.306156,1520.311179
Mauritania,MRT,Trade (% of GDP),NE.TRD.GNFS.ZS,83.37836594,78.68979163,78.12454877,55.81685117,42.32792012,46.07630404,62.68588367,73.41694026,70.45588975,62.74956357,51.39101255,49.01693804,58.94037477,60.70121246,56.7855296,55.31802433,75.21880468,88.23509956,82.78850121,86.06405568,94.120211,82.0086176,93.42074513,98.4853296,110.7881227,102.3988242,91.61037136,77.34678649,73.15326167,78.81498018,89.14672949,93.48669414,86.77616813,88.30687376
Mauritania,MRT,"Inflation, consumer prices (annual %)",FP.CPI.TOTL.ZG,1.31965861,12.9326821,6.600225649,5.628666667,10.14181756,9.37034416,4.128258613,6.543790685,4.681306239,4.625346953,8.031666655,4.074176136,3.254067458,4.714896347,3.895705258,5.151901508,10.36762335,12.12564872,6.241033281,7.254108413,7.346635412,2.220920324,6.283540874,5.686319596,4.902427272,4.129101738,3.534368561,3.254726881,1.471710457,2.254276519,3.067359961,2.300092621,2.385694885,3.565164847
Mauritania,MRT,Population growth (annual %),SP.POP.GROW,2.888795262,2.510914968,2.533517471,2.921237928,3.826695779,4.044832818,3.396786882,2.743278362,1.97732238,2.227498192,2.593086654,2.673298564,2.783538221,2.468625706,2.211292309,2.288294066,2.349655154,2.424304593,2.506582485,2.600528191,2.874808734,3.128994509,3.191594036,3.245124735,3.264135039,3.135806546,3.012189491,3.006059241,2.997958425,2.987787893,2.973564031,2.953472979,2.92092559,2.887033459
Morocco,MAR,GDP per capita (constant 2015 US$),NY.GDP.PCAP.KD,1654.006836,1669.732544,1695.636475,1786.762817,1720.422485,1680.710449,1830.880615,1705.448242,1886.672241,1828.968628,1931.740479,1935.47876,1957.141357,2078.966064,2127.50708,2229.576172,2301.081787,2342.154785,2489.99292,2540.615234,2648.585693,2710.666504,2767.042236,2879.539307,2927.450439,3008.185547,3051.458984,3146.247803,3124.425049,3242.644287,3304.711914,3364.739502,3090.894287,3309.130859
Morocco,MAR,Trade (% of GDP),NE.TRD.GNFS.ZS,50.13760317,50.35084475,54.62668742,49.77929548,50.26331618,49.66845661,47.31355373,51.71502538,47.09554345,51.15015465,45.67235959,48.57887649,53.44030584,53.49157102,54.31012791,52.33185827,55.55163847,61.49382769,64.67219778,71.34964678,77.83447164,62.37095602,69.54197961,76.82587149,78.2221019,73.85775653,71.89356675,67.28867593,71.12266038,74.17335788,77.25488752,75.99811588,68.84380339,75.52341718
Morocco,MAR,"Inflation, consumer prices (annual %)",FP.CPI.TOTL.ZG,2.369055055,3.259969492,6.782594015,7.986166008,5.740246629,5.18311396,5.14167153,6.123581648,2.986809228,1.038198951,2.753113308,0.684782609,1.894634568,0.619801875,2.795619669,1.167733675,1.493444034,0.98264166,3.28476167,2.042085127,3.714843115,0.971862999,0.993557401,0.90692491,1.287122401,1.880654667,0.442310054,1.557907113,1.635311143,0.754663249,1.803916711,0.303386037,0.705968661,1.40195884
Morocco,MAR,Population growth (annual %),SP.POP.GROW,1.916642518,1.85035032,1.805439979,1.722327256,1.653473975,1.582332079,1.496619805,1.521422822,1.536196064,1.500284224,1.48926291,1.457490483,1.403926301,1.366971448,1.322138168,1.270310816,1.282190216,1.343473016,1.351365506,1.340581014,1.338696045,1.332600982,1.352742862,1.36305169,1.335971286,1.287810153,1.227238741,1.170756399,1.194507263,1.200343364,1.103642101,1.030223159,1.025654864,1.006918479
Oman,OMN,GDP per capita (constant 2015 US$),NY.GDP.PCAP.KD,16544.44041,17522.61825,16629.45566,16805.72184,17404.13146,17694.16051,17848.81877,18398.72421,18639.20394,19458.92664,19167.75547,18965.21423,19881.73643,20546.05541,20150.1132,19485.64415,19534.86014,19629.04515,20096.39656,20642.74896,22007.7339,22819.19773,22766.05036,20993.90794,19824.12155,19299.94005,18726.20269,18808.30779,18830.60572,18277.94556,18269.67694,18089.58667,17743.88588,18291.3388
Oman,OMN,Trade (% of GDP),NE.TRD.GNFS.ZS,71.35990076,..,61.23725038,62.71264923,64.72788617,65.08151181,62.68999647,64.15006948,69.39068315,71.59436587,80.48306046,76.61119781,81.41328224,84.52700249,83.65374858,84.84663673,88.61130713,86.76130204,86.14570799,94.86578898,94.76190299,91.62793533,96.38655462,101.6417319,102.0747604,112.5435218,102.2787211,96.37758019,82.8642642,88.95314802,89.27921783,86.47820103,91.8758908,92.02406481
Oman,OMN,"Inflation, consumer prices (annual %)",FP.CPI.TOTL.ZG,..,..,..,..,..,..,..,..,..,..,..,..,..,-0.816666667,-0.279578823,0.231328682,0.624969063,1.909835535,3.544985916,5.830484181,12.37540915,3.468810238,3.256579591,4.042188671,2.947734953,1.053548203,1.014014839,0.065290133,1.109208058,1.589094136,0.889312371,0.490815363,-0.406402919,1.682211859
Oman,OMN,Population growth (annual %),SP.POP.GROW,5.670409373,5.37130495,5.101184915,4.842365835,4.579777445,4.214706278,2.932286026,1.841587829,1.701894563,1.554619701,1.439748209,1.359453103,1.288738553,1.223180394,1.158650011,1.134084178,1.720667111,2.260538639,2.21104304,2.17823116,2.168960177,2.189051537,2.675117096,10.95731813,14.22539895,7.775389291,4.301797264,4.457768872,4.804736532,3.282429987,1.3241396,-0.144431732,-1.508608296,-0.489266038
Saudi Arabia,SAU,GDP per capita (constant 2015 US$),NY.GDP.PCAP.KD,25615.00848,24453.5518,25470.27386,26279.72723,26246.66421,25205.04615,24379.18076,23462.90687,23288.86617,23000.84058,22778.57517,21829.85432,21862.71608,20826.20904,19678.75911,20406.45076,21172.89926,21460.13521,21242.12658,20829.83898,21255.39663,20221.31962,21452.22797,22754.10581,22997.74622,22338.53388,22628.60185,22453.57155,22035.80429,22219.93833,23523.94565,23886.97674,21944.78582,23633.86012
Saudi Arabia,SAU,Trade (% of GDP),NE.TRD.GNFS.ZS,66.52658395,71.82305743,71.70807559,74.69929884,75.09203458,67.80697439,60.07131146,65.04172721,66.65382007,65.18806694,56.08839261,57.84604882,68.1664488,63.56058368,64.59279741,69.83117071,75.08283666,81.95407594,89.94460468,94.8633171,96.10263087,84.85834156,82.54977718,84.86139246,82.85043838,81.91721094,79.56164872,69.50388876,59.90542543,61.81431656,61.95558053,60.19818623,49.71347553,57.14281356
Saudi Arabia,SAU,"Inflation, consumer prices (annual %)",FP.CPI.TOTL.ZG,0.907563025,1.032644903,2.077151335,4.861111111,-0.077006006,1.055795314,0.564325479,4.868431031,1.222069885,0.057154704,-0.371269735,-1.333763502,-1.124994779,-1.120944775,0.247186514,0.612194395,0.515506767,0.479230398,2.209024079,4.167823301,9.870247913,5.057223147,5.339416806,5.826216088,2.866268875,3.532524707,2.236290315,1.206073222,2.068840361,-0.83819458,2.45814158,-2.093333333,3.44545826,3.063289889
Saudi Arabia,SAU,Population growth (annual %),SP.POP.GROW,5.320957084,5.054625285,4.934265871,4.771719598,4.604676806,4.428588174,4.279913766,4.142065263,3.995803887,3.85735211,3.736241032,3.618775439,4.459832445,5.201039099,4.976452278,4.774271463,4.591545684,4.427389452,4.280875786,4.149451092,4.028756558,3.91489466,-0.992481797,4.538671636,4.202642275,5.411491241,2.450431393,5.186855519,3.745065405,0.074782562,-2.553768258,-0.439701419,4.833138517,-2.464562615
Qatar,QAT,GDP per capita (constant 2015 US$),NY.GDP.PCAP.KD,39095.60383,40125.03289,40125.44503,38185.15133,41171.72351,39377.87416,38744.01422,38526.85348,39095.05795,48844.91749,51513.6335,50917.39641,52234.42444,51633.96068,52752.70812,52255.3835,59990.30649,60416.78292,64676.39689,61423.08709,61213.79439,60781.87495,72333.98486,81608.57169,80621.86072,76486.9693,71756.06493,68985.2947,67294.45858,64497.69872,64410.81713,63430.46076,57769.6041,65488.51179
Qatar,QAT,Trade (% of GDP),NE.TRD.GNFS.ZS,..,..,..,..,..,..,78.64992687,87.66795203,83.50922105,84.44703884,91.05812556,85.73296979,89.61265972,94.96867168,88.46972363,90.16494869,90.37242884,94.74554417,98.57091931,96.11410571,89.43284165,80.14416297,86.07028995,98.72163869,105.7462944,102.3832081,99.03437474,93.70760417,89.54760012,91.49458792,91.83844898,90.04637555,90.01909489,92.77915857
Qatar,QAT,"Inflation, consumer prices (annual %)",FP.CPI.TOTL.ZG,4.60251046,3.3,3.000968054,4.417293233,3.060306031,-0.873362445,1.321585903,2.956521739,4.904534606,4.834489819,2.951388889,2.181703204,1.650335224,1.471334348,0.24,2.264565044,6.79933665,8.814395323,11.83580962,13.75816258,15.05014516,-4.863278016,-2.425256752,1.138366235,2.315348534,3.221977568,3.349720857,1.814077239,2.676591701,0.394878914,0.255815383,-0.666641125,-2.54031503,2.304465657
Qatar,QAT,Population growth (annual %),SP.POP.GROW,3.528646899,3.437267084,3.356436022,3.280191471,3.202835122,3.120766523,3.031520636,2.932984872,2.816898668,3.980260813,5.313174872,5.359023754,5.168431997,4.980339997,4.792405219,4.599656707,3.775117024,6.516935769,16.43325679,21.70034294,16.60723618,12.00216905,0.491609879,0.489204895,5.838000102,10.6721264,11.58171478,8.581733062,5.49972977,2.735902933,1.36210561,2.2196221,5.725715448,-10.92744243
Somalia,SOM,GDP per capita (constant 2015 US$),NY.GDP.PCAP.KD,239.0540879,252.3608643,259.4000371,277.5988187,266.4984257,269.4062204,210.446207,211.0875432,219.9363948,214.8523639,219.7121737,226.4441243,233.0324068,239.8390882,248.6364686,257.9103524,266.2572875,275.457057,284.4708066,294.2104217,304.7414667,317.0382034,329.9705243,349.5774696,369.6172265,397.108794,417.5167945,445.5830786,458.9214769,506.501097,498.9810621,494.5593758,463.0325221,461.842092
Somalia,SOM,Trade (% of GDP),NE.TRD.GNFS.ZS,26.6656393,48.62017336,42.26333247,..,..,..,..,..,..,..,..,..,..,..,..,..,..,..,..,..,..,..,..,..,88.57364608,83.34099913,81.70104146,76.47933232,74.36156248,68.67564913,73.820838,70.31060836,75.68778398,79.09323138
Somalia,SOM,"Inflation, consumer prices (annual %)",FP.CPI.TOTL.ZG,..,..,..,..,..,..,..,..,..,..,..,..,..,..,..,..,..,..,..,..,..,..,..,..,..,..,..,..,..,..,..,..,..,..
Somalia,SOM,Population growth (annual %),SP.POP.GROW,0.097596315,-1.680060606,-0.45086481,-3.872676579,-4.789497282,2.827827256,5.040358646,3.608741731,3.632157001,3.512306117,4.141933733,4.044912249,4.000978628,3.989838847,3.750808504,3.69115278,3.683805789,3.472043638,3.064792483,3.11334404,2.962950131,2.523952159,2.481698873,0.707617148,0.90552852,3.225086794,3.586140896,3.444414629,3.848910334,3.881449744,3.529333035,3.675257745,3.795920669,3.657200378
Sudan,SDN,GDP per capita (constant 2015 US$),NY.GDP.PCAP.KD,764.4541626,823.0768433,764.4504395,805.3673096,842.008606,862.9781494,850.2994385,877.6932983,908.6601563,1050.319946,1069.271973,1074.880981,1111.118652,1150.17627,1185.215332,1226.420776,1255.671143,1290.244385,1336.124023,1372.109619,1381.62561,1301.34729,1311.223145,1388.21814,1288.258545,1283.459229,1307.389648,1292.379639,1297.154541,1261.873535,1185.944458,1126.552979,1056.864746,1009.548889
Sudan,SDN,Trade (% of GDP),NE.TRD.GNFS.ZS,11.48794384,14.68809849,11.09089047,15.07295623,19.67063329,11.46608324,14.61001505,14.77239849,20.02984321,17.85860672,21.87514799,24.71436823,29.40423446,20.29334562,25.62556172,26.44022807,30.43233762,35.8715914,36.20259362,34.40333616,36.74109783,32.78087833,32.72830995,27.51233902,21.85617452,26.8585245,20.845109,18.37827285,15.28166989,17.83138983,21.86791873,26.11962046,9.955145076,4.127548638
Sudan,SDN,"Inflation, consumer prices (annual %)",FP.CPI.TOTL.ZG,64.7005631,66.72032193,65.158098,123.5781269,117.6244689,101.3804238,115.3981443,68.37519295,132.8237774,47.16853696,24.62187855,17.16644542,7.121258972,1.935295721,22.22472415,6.489432087,9.657546286,8.505850759,7.199129901,14.75427708,14.29712245,11.25675871,12.97766639,18.09661712,35.55905741,36.52234491,36.90664279,16.90957061,17.75025383,32.3516261,63.29250735,50.9940515,163.2577824,359.0930408
Sudan,SDN,Population growth (annual %),SP.POP.GROW,2.072217777,2.058253849,2.034308939,2.019278423,2.011956885,2.235176366,2.520081966,2.579147094,2.241953023,2.227323028,2.522877336,2.506639405,2.497545616,2.485415778,2.465969175,2.257383588,2.185604952,2.283559249,2.308196368,2.383500342,2.590503087,2.772109263,2.415789333,2.030409822,2.141689686,2.309518352,2.708637804,3.046899717,3.040084743,3.464300916,3.488286755,2.935379024,2.688251257,2.694122024
Syrian Arab Republic,SYR,GDP per capita (constant 2015 US$),NY.GDP.PCAP.KD,1110.622599,927.806684,931.8850684,972.2858317,1065.204693,1097.110407,1142.063978,1188.175395,1270.051247,1299.298566,1352.127896,1271.322273,1248.384883,1230.872,1249.006214,1307.481459,1363.619467,1411.631849,1420.722931,1411.689914,1423.595594,1484.405237,1526.368944,1542.719572,1142.290802,884.3298133,847.6598772,847.7316319,802.9694983,795.883217,792.4138117,771.5186953,740.811397,734.3342363
Syrian Arab Republic,SYR,Trade (% of GDP),NE.TRD.GNFS.ZS,42.77467522,60.1688911,56.29006291,56.47924664,63.88800689,68.76919916,78.45449821,68.97657516,69.91417906,66.22297869,61.42484477,64.30840492,65.28498612,67.3681325,71.64430768,61.54699054,78.11492859,80.13300249,74.20522659,76.37935352,74.2279601,59.94382524,64.01016469,50.69609435,35.36869033,44.70525478,54.26442252,51.08620782,67.11193653,61.05085217,50.65909911,41.99947112,44.8183353,61.2204851
Syrian Arab Republic,SYR,"Inflation, consumer prices (annual %)",FP.CPI.TOTL.ZG,34.56221198,11.39921722,19.39686722,9,11.00917431,13.2231405,15.32846715,7.979957806,8.249890099,1.886111362,-0.797165633,-3.703703704,-3.846153846,3,-0.130505282,5.796829449,4.433141367,7.240349393,10.02411054,3.907709504,15.74532522,2.920897118,4.397413832,4.753163889,36.70229534,40.03183783,10.92711418,38.46114296,47.70516153,18.07526963,0.940983844,13.41756532,..,..
Syrian Arab Republic,SYR,Population growth (annual %),SP.POP.GROW,3.395413355,3.31227337,3.232720861,3.142766822,3.070437532,3.017859884,2.949028403,2.83254019,2.708478615,2.624954538,2.579511614,2.544083608,2.494059999,2.454617146,2.41609659,2.381290353,2.471151457,2.569205064,4.281055174,6.157263887,3.539536036,1.561038004,2.273867358,1.744631873,-0.518583749,-4.920766119,-6.646407776,-4.278122657,-1.195214906,0.160516444,1.82043237,3.885598799,3.361887612,2.71541292
Tunisia,TUN,GDP per capita (constant 2015 US$),NY.GDP.PCAP.KD,2009.640369,2000.289302,2114.473091,2151.21131,2270.867443,2274.64478,2305.164268,2322.595088,2452.912483,2551.553865,2639.878409,2766.573663,2864.550756,2941.742756,2950.20794,3058.232929,3218.727387,3301.942459,3444.555825,3642.124503,3760.123167,3835.255099,3906.911331,3784.746204,3900.051265,3947.592761,4021.604769,4014.947737,4015.296641,4062.226775,4128.103938,4154.958616,3749.267224,3902.542583
Tunisia,TUN,Trade (% of GDP),NE.TRD.GNFS.ZS,83.67549592,92.00721593,94.16126557,85.68602022,86.00008755,88.41096774,92.80438604,93.71444657,85.72035476,80.50071044,79.97945826,77.90511394,82.63911067,89.55220119,85.34217597,82.39034071,86.9253447,90.25124788,93.94093041,104.059401,114.3436602,93.01687879,100.1510098,100.1063793,101.5507239,98.95495669,96.10710386,87.24853066,87.09266436,95.80684531,103.875276,102.3344851,84.33157242,94.09595506
Tunisia,TUN,"Inflation, consumer prices (annual %)",FP.CPI.TOTL.ZG,7.196969697,7.74088604,6.545293073,8.193715095,5.824345146,3.974956319,4.73323064,6.244150287,3.725144727,3.652026207,3.125365797,2.690124858,2.962307947,1.983333333,2.721032849,2.712592475,3.63228005,2.017786414,3.225253374,2.966944325,4.345028076,3.664903306,3.338979636,3.24002842,4.611844322,5.316235313,4.625550995,4.437371273,3.629399374,5.308848396,7.30759176,6.720075329,5.634151159,5.706350208
Tunisia,TUN,Population growth (annual %),SP.POP.GROW,2.340223569,2.198016072,2.098246765,2.107702643,2.102980615,1.999995742,1.796141204,1.571124831,1.443200568,1.355438785,1.269830911,1.190744383,1.122225591,1.06692196,1.026540082,0.999023084,0.934209359,0.874656406,0.882818284,0.916799635,0.961991588,1.01963219,1.076732866,1.108961271,1.129111331,1.189251093,1.186033545,1.128719734,1.102539116,1.051160255,0.982378425,0.926946082,0.830022186,0.620790375
United Arab Emirates,ARE,GDP per capita (constant 2015 US$),NY.GDP.PCAP.KD,56872.35699,60031.8691,66979.15591,63905.62647,62667.13544,60391.46558,61614.34159,62860.27732,62334.40665,62177.42838,57785.03114,55354.94396,57365.39833,54574.81416,52607.66151,54020.47356,56027.61004,55777.90183,57053.78956,52428.06807,48281.34779,42991.55351,42645.63596,43800.1593,42868.0975,43269.84046,43023.19042,43534.99727,43745.28817,42690.21478,42679.75191,42700.12979,40776.63087,41778.58387
United Arab Emirates,ARE,Trade (% of GDP),NE.TRD.GNFS.ZS,..,..,..,..,..,..,..,..,..,..,..,..,..,89.86457993,93.07165881,102.3001695,116.6226125,119.5528716,119.4706696,136.7981529,148.513544,153.4619444,138.8920969,147.392662,159.9704706,161.1004825,163.687585,169.4762367,170.9768292,170.9208069,159.6427773,170.0681188,185.2805524,186.1089326
United Arab Emirates,ARE,"Inflation, consumer prices (annual %)",FP.CPI.TOTL.ZG,..,..,..,..,..,..,..,..,..,..,..,..,..,..,..,..,..,..,..,..,12.25042024,1.561813174,0.877983288,0.877346596,0.6622689,1.101118364,2.346268657,4.069966084,1.617488089,1.966825578,3.068633793,-1.931081148,-2.079403179,0.179935336
United Arab Emirates,ARE,Population growth (annual %),SP.POP.GROW,6.608235614,6.227486299,5.878422879,5.553809971,5.247244011,4.952239975,4.66407381,4.471765524,6.47661449,8.124394045,7.617796946,7.157275754,6.735681701,6.376268946,6.075393205,5.784476952,5.487941577,5.187644319,7.121344103,11.58997989,11.38163441,6.21880036,2.398012041,3.359320963,3.958992142,3.999119788,4.652922109,5.383801622,4.930468948,3.173797859,1.329868733,1.054516344,-0.474850155,1.83513009
Yemen,YEM,GDP per capita (constant 2015 US$),NY.GDP.PCAP.KD,..,..,1722.208046,1761.794737,1835.263694,1838.265236,1890.737149,1927.404685,1949.979037,1987.607711,2041.651697,2053.778367,2114.652582,2129.752471,2148.868207,2164.84028,2185.769243,2237.616386,2234.721456,2235.729536,2244.023615,2257.447592,2356.199574,1994.836608,1981.457975,2014.72888,1950.16252,1362.173794,1197.958644,1103.456334,1079.32937,1069.78649,951.1303411,916.1298925
Yemen,YEM,Trade (% of GDP),NE.TRD.GNFS.ZS,..,..,27.62766623,47.92135932,46.15035147,58.14041424,68.96404031,87.44469198,85.93910744,80.14598865,72.66199855,72.00392774,75.43883864,70.89239798,74.73045586,74.3826166,71.84667401,76.77328568,82.07616266,79.12342059,81.24471885,68.07139101,64.38563678,63.05945795,61.36163718,52.51187814,49.83717125,31.63753763,32.6462708,44.95243292,58.90227861,..,..,..
Yemen,YEM,"Inflation, consumer prices (annual %)",FP.CPI.TOTL.ZG,..,..,..,36,29.41176471,35.75229802,49.39415538,55.08110687,30.73373327,2.176726674,5.976508521,8.660219494,4.59,11.91159129,12.23853394,10.8323607,12.51509515,11.81126394,10.84479869,7.90511779,18.97625743,5.407760981,11.17483386,19.54356171,9.885387145,10.96844215,8.104725836,..,..,..,..,..,..,..
Yemen,YEM,Population growth (annual %),SP.POP.GROW,3.883194009,3.847853198,3.843767677,3.830808077,3.80262537,3.760547383,3.69122014,3.593729887,3.366335807,3.187567446,3.150468724,3.113795308,3.077428936,3.021568132,2.966221921,2.93835979,2.933690639,3.096667613,3.250648886,3.238812704,3.212328121,3.196935086,3.138563898,3.049744684,3.037729069,3.045626871,3.068323795,3.040258732,3.00213847,3.012227862,2.960378966,2.966334752,2.873204148,2.74426153
Palestine,PSE,GDP per capita (constant 2015 US$),NY.GDP.PCAP.KD,..,..,..,..,..,..,2137.389289,2189.265137,2118.820076,2323.206422,2589.20365,2732.87294,2436.012077,2153.457354,1836.980425,2041.604846,2426.415656,2632.246274,2540.267631,2569.984341,2685.986018,2840.01595,2927.08102,3128.108111,3237.9162,3309.631202,3227.849345,3272.154324,3483.099035,3462.979861,3417.794408,3378.434621,2922.468011,3051.48607
Palestine,PSE,Trade (% of GDP),NE.TRD.GNFS.ZS,..,..,..,..,..,..,86.45587873,91.48592665,89.2685359,90.33725198,88.99159251,96.34528938,87.63909496,82.72597847,76.25288261,76.39868952,81.12359062,83.83635406,82.63747359,91.99924343,79.47991902,75.15119285,68.49765016,67.2495329,66.92932735,66.27131812,67.73983717,70.78096819,65.42251418,68.44866071,71.40127545,68.99349228,67.28819125,73.08354962
Palestine,PSE,"Inflation, consumer prices (annual %)",FP.CPI.TOTL.ZG,..,..,..,..,..,..,..,..,..,7.087005912,5.579645058,5.544391804,2.798198924,1.222784759,5.70951586,4.403032217,3.004174986,4.107250707,3.842341256,1.859743794,9.889997887,2.753934851,3.749157276,2.877243585,2.779087683,1.724399336,1.7329851,1.431611458,-0.219106605,0.212570934,-0.195107774,1.580183336,-0.735332001,1.237481028
Palestine,PSE,Population growth (annual %),SP.POP.GROW,..,..,..,4.477887603,4.477886073,4.477884235,4.477852498,4.477872882,4.477878002,4.477872045,2.555269478,2.55526837,2.555235698,2.55526757,2.555284566,2.555247556,2.555275892,2.555262373,2.555258675,2.55525196,2.751358802,2.667950749,2.597032218,2.525186831,2.46768715,2.40084832,2.344077211,2.290480058,2.246105276,1.988686349,2.533011484,2.511782463,2.486549938,2.457038653
